item_id,store_id,forecasted_demand_7d,forecasted_demand_28d,forecast_uncertainty,reorder_priority
ITEM_001,CA_1,275.0,1137.0,4.842809734281224,HIGH
ITEM_002,CA_1,288.0,1192.0,4.21246934222478,HIGH
ITEM_003,CA_1,299.0,1212.0,4.712120714991612,HIGH
ITEM_004,CA_1,299.0,1215.0,4.279012617367684,HIGH
ITEM_005,CA_1,270.0,1129.0,5.007519855381585,HIGH
ITEM_006,CA_1,282.0,1158.0,5.238690442373973,HIGH
ITEM_007,CA_1,279.0,1168.0,5.469768491164756,HIGH
ITEM_008,CA_1,293.0,1208.0,4.741264792936025,HIGH
ITEM_009,CA_1,290.0,1224.0,5.515284883570274,HIGH
ITEM_010,CA_1,262.0,1122.0,5.304503285138092,HIGH
ITEM_011,CA_1,280.0,1146.0,4.242039363228926,HIGH
ITEM_012,CA_1,293.0,1180.0,4.588139100786207,HIGH
ITEM_013,CA_1,280.0,1198.0,4.82076715039913,HIGH
ITEM_014,CA_1,298.0,1216.0,4.531071864901059,HIGH
ITEM_015,CA_1,269.0,1124.0,5.336627384100813,HIGH
ITEM_016,CA_1,281.0,1152.0,4.2233558568841385,HIGH
ITEM_017,CA_1,279.0,1166.0,5.353331977871924,HIGH
ITEM_018,CA_1,293.0,1191.0,4.678844048763868,HIGH
ITEM_019,CA_1,288.0,1237.0,4.986077555328948,HIGH
ITEM_020,CA_1,266.0,1122.0,4.934778699833108,HIGH
ITEM_021,CA_1,272.0,1155.0,5.165994579942956,HIGH
ITEM_022,CA_1,292.0,1170.0,4.872350143243746,HIGH
ITEM_023,CA_1,301.0,1213.0,4.629513792957493,HIGH
ITEM_024,CA_1,305.0,1236.0,4.665330226516552,HIGH
ITEM_001,TX_1,276.0,1153.0,4.56738102064576,HIGH
ITEM_002,TX_1,296.0,1188.0,4.186957397072241,HIGH
ITEM_003,TX_1,287.0,1198.0,4.361824183077721,HIGH
ITEM_004,TX_1,301.0,1228.0,4.77130025490421,HIGH
ITEM_005,TX_1,276.0,1121.0,5.414808681867208,HIGH
ITEM_006,TX_1,280.0,1145.0,4.723340870569457,HIGH
ITEM_007,TX_1,289.0,1188.0,5.205962045225314,HIGH
ITEM_008,TX_1,297.0,1228.0,4.976475270957245,HIGH
ITEM_009,TX_1,308.0,1232.0,4.750939756661683,HIGH
ITEM_010,TX_1,268.0,1128.0,4.573660169594891,HIGH
ITEM_011,TX_1,286.0,1170.0,4.6318550962495655,HIGH
ITEM_012,TX_1,297.0,1176.0,4.652188425123938,HIGH
ITEM_013,TX_1,289.0,1200.0,4.642307659791977,HIGH
ITEM_014,TX_1,294.0,1218.0,5.05328747309257,HIGH
ITEM_015,TX_1,268.0,1125.0,4.416313681183918,HIGH
ITEM_016,TX_1,279.0,1148.0,5.264435935053794,HIGH
ITEM_017,TX_1,285.0,1177.0,4.531494099688336,HIGH
ITEM_018,TX_1,298.0,1221.0,5.108391455762383,HIGH
ITEM_019,TX_1,303.0,1235.0,4.685382174641571,HIGH
ITEM_020,TX_1,269.0,1120.0,4.38341028359036,HIGH
ITEM_021,TX_1,280.0,1139.0,4.27662727114797,HIGH
ITEM_022,TX_1,281.0,1162.0,4.792106605062717,HIGH
ITEM_023,TX_1,306.0,1222.0,4.653833179789121,HIGH
ITEM_024,TX_1,302.0,1255.0,4.986077555328948,HIGH
ITEM_001,WI_1,280.0,1132.0,4.16986271980755,HIGH
ITEM_002,WI_1,282.0,1168.0,4.839252767415521,HIGH
ITEM_003,WI_1,287.0,1184.0,4.573660169594892,HIGH
ITEM_004,WI_1,300.0,1247.0,4.938783416252738,HIGH
ITEM_005,WI_1,282.0,1125.0,5.444876828126546,HIGH
ITEM_006,WI_1,291.0,1151.0,4.82803779806992,HIGH
ITEM_007,WI_1,281.0,1171.0,4.840702217569644,HIGH
ITEM_008,WI_1,286.0,1203.0,4.5472294772055815,HIGH
ITEM_009,WI_1,299.0,1232.0,4.543441112511214,HIGH
ITEM_010,WI_1,272.0,1128.0,5.02747552993365,HIGH
ITEM_011,WI_1,274.0,1158.0,4.871302889036433,HIGH
ITEM_012,WI_1,285.0,1177.0,5.1788177281329855,HIGH
ITEM_013,WI_1,294.0,1192.0,5.260557897006278,HIGH
ITEM_014,WI_1,302.0,1236.0,4.933227614237716,HIGH
ITEM_015,WI_1,273.0,1120.0,5.077963596336064,HIGH
ITEM_016,WI_1,287.0,1162.0,5.067402828725128,HIGH
ITEM_017,WI_1,281.0,1172.0,4.962101266559545,HIGH
ITEM_018,WI_1,304.0,1210.0,4.593140404506508,HIGH
ITEM_019,WI_1,296.0,1239.0,4.968651728587948,HIGH
ITEM_020,WI_1,280.0,1121.0,5.1580875668157065,HIGH
ITEM_021,WI_1,268.0,1151.0,4.498724308975075,HIGH
ITEM_022,WI_1,289.0,1169.0,4.656984002549289,HIGH
ITEM_023,WI_1,299.0,1209.0,4.675571557334472,HIGH
ITEM_024,WI_1,303.0,1234.0,5.52868216943353,HIGH
