date,wm_yr_wk,weekday,wday,month,year,d
2023-01-01,202252,Sunday,6,1,2023,d_1
2023-01-02,202301,Monday,0,1,2023,d_2
2023-01-03,202301,Tuesday,1,1,2023,d_3
2023-01-04,202301,Wednesday,2,1,2023,d_4
2023-01-05,202301,Thursday,3,1,2023,d_5
2023-01-06,202301,Friday,4,1,2023,d_6
2023-01-07,202301,Saturday,5,1,2023,d_7
2023-01-08,202301,Sunday,6,1,2023,d_8
2023-01-09,202302,Monday,0,1,2023,d_9
2023-01-10,202302,Tuesday,1,1,2023,d_10
2023-01-11,202302,Wednesday,2,1,2023,d_11
2023-01-12,202302,Thursday,3,1,2023,d_12
2023-01-13,202302,Friday,4,1,2023,d_13
2023-01-14,202302,Saturday,5,1,2023,d_14
2023-01-15,202302,Sunday,6,1,2023,d_15
2023-01-16,202303,Monday,0,1,2023,d_16
2023-01-17,202303,Tuesday,1,1,2023,d_17
2023-01-18,202303,Wednesday,2,1,2023,d_18
2023-01-19,202303,Thursday,3,1,2023,d_19
2023-01-20,202303,Friday,4,1,2023,d_20
2023-01-21,202303,Saturday,5,1,2023,d_21
2023-01-22,202303,Sunday,6,1,2023,d_22
2023-01-23,202304,Monday,0,1,2023,d_23
2023-01-24,202304,Tuesday,1,1,2023,d_24
2023-01-25,202304,Wednesday,2,1,2023,d_25
2023-01-26,202304,Thursday,3,1,2023,d_26
2023-01-27,202304,Friday,4,1,2023,d_27
2023-01-28,202304,Saturday,5,1,2023,d_28
2023-01-29,202304,Sunday,6,1,2023,d_29
2023-01-30,202305,Monday,0,1,2023,d_30
2023-01-31,202305,Tuesday,1,1,2023,d_31
2023-02-01,202305,Wednesday,2,2,2023,d_32
2023-02-02,202305,Thursday,3,2,2023,d_33
2023-02-03,202305,Friday,4,2,2023,d_34
2023-02-04,202305,Saturday,5,2,2023,d_35
2023-02-05,202305,Sunday,6,2,2023,d_36
2023-02-06,202306,Monday,0,2,2023,d_37
2023-02-07,202306,Tuesday,1,2,2023,d_38
2023-02-08,202306,Wednesday,2,2,2023,d_39
2023-02-09,202306,Thursday,3,2,2023,d_40
2023-02-10,202306,Friday,4,2,2023,d_41
2023-02-11,202306,Saturday,5,2,2023,d_42
2023-02-12,202306,Sunday,6,2,2023,d_43
2023-02-13,202307,Monday,0,2,2023,d_44
2023-02-14,202307,Tuesday,1,2,2023,d_45
2023-02-15,202307,Wednesday,2,2,2023,d_46
2023-02-16,202307,Thursday,3,2,2023,d_47
2023-02-17,202307,Friday,4,2,2023,d_48
2023-02-18,202307,Saturday,5,2,2023,d_49
2023-02-19,202307,Sunday,6,2,2023,d_50
2023-02-20,202308,Monday,0,2,2023,d_51
2023-02-21,202308,Tuesday,1,2,2023,d_52
2023-02-22,202308,Wednesday,2,2,2023,d_53
2023-02-23,202308,Thursday,3,2,2023,d_54
2023-02-24,202308,Friday,4,2,2023,d_55
2023-02-25,202308,Saturday,5,2,2023,d_56
2023-02-26,202308,Sunday,6,2,2023,d_57
2023-02-27,202309,Monday,0,2,2023,d_58
2023-02-28,202309,Tuesday,1,2,2023,d_59
2023-03-01,202309,Wednesday,2,3,2023,d_60
2023-03-02,202309,Thursday,3,3,2023,d_61
2023-03-03,202309,Friday,4,3,2023,d_62
2023-03-04,202309,Saturday,5,3,2023,d_63
2023-03-05,202309,Sunday,6,3,2023,d_64
2023-03-06,202310,Monday,0,3,2023,d_65
2023-03-07,202310,Tuesday,1,3,2023,d_66
2023-03-08,202310,Wednesday,2,3,2023,d_67
2023-03-09,202310,Thursday,3,3,2023,d_68
2023-03-10,202310,Friday,4,3,2023,d_69
2023-03-11,202310,Saturday,5,3,2023,d_70
2023-03-12,202310,Sunday,6,3,2023,d_71
2023-03-13,202311,Monday,0,3,2023,d_72
2023-03-14,202311,Tuesday,1,3,2023,d_73
2023-03-15,202311,Wednesday,2,3,2023,d_74
2023-03-16,202311,Thursday,3,3,2023,d_75
2023-03-17,202311,Friday,4,3,2023,d_76
2023-03-18,202311,Saturday,5,3,2023,d_77
2023-03-19,202311,Sunday,6,3,2023,d_78
2023-03-20,202312,Monday,0,3,2023,d_79
2023-03-21,202312,Tuesday,1,3,2023,d_80
2023-03-22,202312,Wednesday,2,3,2023,d_81
2023-03-23,202312,Thursday,3,3,2023,d_82
2023-03-24,202312,Friday,4,3,2023,d_83
2023-03-25,202312,Saturday,5,3,2023,d_84
2023-03-26,202312,Sunday,6,3,2023,d_85
2023-03-27,202313,Monday,0,3,2023,d_86
2023-03-28,202313,Tuesday,1,3,2023,d_87
2023-03-29,202313,Wednesday,2,3,2023,d_88
2023-03-30,202313,Thursday,3,3,2023,d_89
2023-03-31,202313,Friday,4,3,2023,d_90
2023-04-01,202313,Saturday,5,4,2023,d_91
2023-04-02,202313,Sunday,6,4,2023,d_92
2023-04-03,202314,Monday,0,4,2023,d_93
2023-04-04,202314,Tuesday,1,4,2023,d_94
2023-04-05,202314,Wednesday,2,4,2023,d_95
2023-04-06,202314,Thursday,3,4,2023,d_96
2023-04-07,202314,Friday,4,4,2023,d_97
2023-04-08,202314,Saturday,5,4,2023,d_98
2023-04-09,202314,Sunday,6,4,2023,d_99
2023-04-10,202315,Monday,0,4,2023,d_100
2023-04-11,202315,Tuesday,1,4,2023,d_101
2023-04-12,202315,Wednesday,2,4,2023,d_102
2023-04-13,202315,Thursday,3,4,2023,d_103
2023-04-14,202315,Friday,4,4,2023,d_104
2023-04-15,202315,Saturday,5,4,2023,d_105
2023-04-16,202315,Sunday,6,4,2023,d_106
2023-04-17,202316,Monday,0,4,2023,d_107
2023-04-18,202316,Tuesday,1,4,2023,d_108
2023-04-19,202316,Wednesday,2,4,2023,d_109
2023-04-20,202316,Thursday,3,4,2023,d_110
2023-04-21,202316,Friday,4,4,2023,d_111
2023-04-22,202316,Saturday,5,4,2023,d_112
2023-04-23,202316,Sunday,6,4,2023,d_113
2023-04-24,202317,Monday,0,4,2023,d_114
2023-04-25,202317,Tuesday,1,4,2023,d_115
2023-04-26,202317,Wednesday,2,4,2023,d_116
2023-04-27,202317,Thursday,3,4,2023,d_117
2023-04-28,202317,Friday,4,4,2023,d_118
2023-04-29,202317,Saturday,5,4,2023,d_119
2023-04-30,202317,Sunday,6,4,2023,d_120
2023-05-01,202318,Monday,0,5,2023,d_121
2023-05-02,202318,Tuesday,1,5,2023,d_122
2023-05-03,202318,Wednesday,2,5,2023,d_123
2023-05-04,202318,Thursday,3,5,2023,d_124
2023-05-05,202318,Friday,4,5,2023,d_125
2023-05-06,202318,Saturday,5,5,2023,d_126
2023-05-07,202318,Sunday,6,5,2023,d_127
2023-05-08,202319,Monday,0,5,2023,d_128
2023-05-09,202319,Tuesday,1,5,2023,d_129
2023-05-10,202319,Wednesday,2,5,2023,d_130
2023-05-11,202319,Thursday,3,5,2023,d_131
2023-05-12,202319,Friday,4,5,2023,d_132
2023-05-13,202319,Saturday,5,5,2023,d_133
2023-05-14,202319,Sunday,6,5,2023,d_134
2023-05-15,202320,Monday,0,5,2023,d_135
2023-05-16,202320,Tuesday,1,5,2023,d_136
2023-05-17,202320,Wednesday,2,5,2023,d_137
2023-05-18,202320,Thursday,3,5,2023,d_138
2023-05-19,202320,Friday,4,5,2023,d_139
2023-05-20,202320,Saturday,5,5,2023,d_140
2023-05-21,202320,Sunday,6,5,2023,d_141
2023-05-22,202321,Monday,0,5,2023,d_142
2023-05-23,202321,Tuesday,1,5,2023,d_143
2023-05-24,202321,Wednesday,2,5,2023,d_144
2023-05-25,202321,Thursday,3,5,2023,d_145
2023-05-26,202321,Friday,4,5,2023,d_146
2023-05-27,202321,Saturday,5,5,2023,d_147
2023-05-28,202321,Sunday,6,5,2023,d_148
2023-05-29,202322,Monday,0,5,2023,d_149
2023-05-30,202322,Tuesday,1,5,2023,d_150
2023-05-31,202322,Wednesday,2,5,2023,d_151
2023-06-01,202322,Thursday,3,6,2023,d_152
2023-06-02,202322,Friday,4,6,2023,d_153
2023-06-03,202322,Saturday,5,6,2023,d_154
2023-06-04,202322,Sunday,6,6,2023,d_155
2023-06-05,202323,Monday,0,6,2023,d_156
2023-06-06,202323,Tuesday,1,6,2023,d_157
2023-06-07,202323,Wednesday,2,6,2023,d_158
2023-06-08,202323,Thursday,3,6,2023,d_159
2023-06-09,202323,Friday,4,6,2023,d_160
2023-06-10,202323,Saturday,5,6,2023,d_161
2023-06-11,202323,Sunday,6,6,2023,d_162
2023-06-12,202324,Monday,0,6,2023,d_163
2023-06-13,202324,Tuesday,1,6,2023,d_164
2023-06-14,202324,Wednesday,2,6,2023,d_165
2023-06-15,202324,Thursday,3,6,2023,d_166
2023-06-16,202324,Friday,4,6,2023,d_167
2023-06-17,202324,Saturday,5,6,2023,d_168
2023-06-18,202324,Sunday,6,6,2023,d_169
2023-06-19,202325,Monday,0,6,2023,d_170
2023-06-20,202325,Tuesday,1,6,2023,d_171
2023-06-21,202325,Wednesday,2,6,2023,d_172
2023-06-22,202325,Thursday,3,6,2023,d_173
2023-06-23,202325,Friday,4,6,2023,d_174
2023-06-24,202325,Saturday,5,6,2023,d_175
2023-06-25,202325,Sunday,6,6,2023,d_176
2023-06-26,202326,Monday,0,6,2023,d_177
2023-06-27,202326,Tuesday,1,6,2023,d_178
2023-06-28,202326,Wednesday,2,6,2023,d_179
2023-06-29,202326,Thursday,3,6,2023,d_180
