store_id,item_id,wm_yr_wk,sell_price
CA_1,ITEM_001,202252,8.9
CA_1,ITEM_001,202301,8.8
CA_1,ITEM_001,202302,8.9
CA_1,ITEM_001,202303,9.0
CA_1,ITEM_001,202304,9.1
CA_1,ITEM_001,202305,9.2
CA_1,ITEM_001,202306,9.3
CA_1,ITEM_001,202307,9.4
CA_1,ITEM_001,202308,9.5
CA_1,ITEM_001,202309,9.6
CA_1,ITEM_001,202310,8.7
CA_1,ITEM_001,202311,8.8
TX_1,ITEM_001,202252,8.9
TX_1,ITEM_001,202301,8.8
TX_1,ITEM_001,202302,8.9
TX_1,ITEM_001,202303,9.0
TX_1,ITEM_001,202304,9.1
TX_1,ITEM_001,202305,9.2
TX_1,ITEM_001,202306,9.3
TX_1,ITEM_001,202307,9.4
TX_1,ITEM_001,202308,9.5
TX_1,ITEM_001,202309,9.6
TX_1,ITEM_001,202310,8.7
TX_1,ITEM_001,202311,8.8
WI_1,ITEM_001,202252,8.9
WI_1,ITEM_001,202301,8.8
WI_1,ITEM_001,202302,8.9
WI_1,ITEM_001,202303,9.0
WI_1,ITEM_001,202304,9.1
WI_1,ITEM_001,202305,9.2
WI_1,ITEM_001,202306,9.3
WI_1,ITEM_001,202307,9.4
WI_1,ITEM_001,202308,9.5
WI_1,ITEM_001,202309,9.6
WI_1,ITEM_001,202310,8.7
WI_1,ITEM_001,202311,8.8
CA_1,ITEM_002,202252,9.6
CA_1,ITEM_002,202301,9.5
CA_1,ITEM_002,202302,9.6
CA_1,ITEM_002,202303,9.7
CA_1,ITEM_002,202304,9.8
CA_1,ITEM_002,202305,9.9
CA_1,ITEM_002,202306,10.0
CA_1,ITEM_002,202307,10.1
CA_1,ITEM_002,202308,10.2
CA_1,ITEM_002,202309,10.3
CA_1,ITEM_002,202310,9.4
CA_1,ITEM_002,202311,9.5
TX_1,ITEM_002,202252,9.6
TX_1,ITEM_002,202301,9.5
TX_1,ITEM_002,202302,9.6
TX_1,ITEM_002,202303,9.7
TX_1,ITEM_002,202304,9.8
TX_1,ITEM_002,202305,9.9
TX_1,ITEM_002,202306,10.0
TX_1,ITEM_002,202307,10.1
TX_1,ITEM_002,202308,10.2
TX_1,ITEM_002,202309,10.3
TX_1,ITEM_002,202310,9.4
TX_1,ITEM_002,202311,9.5
WI_1,ITEM_002,202252,9.6
WI_1,ITEM_002,202301,9.5
WI_1,ITEM_002,202302,9.6
WI_1,ITEM_002,202303,9.7
WI_1,ITEM_002,202304,9.8
WI_1,ITEM_002,202305,9.9
WI_1,ITEM_002,202306,10.0
WI_1,ITEM_002,202307,10.1
WI_1,ITEM_002,202308,10.2
WI_1,ITEM_002,202309,10.3
WI_1,ITEM_002,202310,9.4
WI_1,ITEM_002,202311,9.5
CA_1,ITEM_003,202252,10.3
CA_1,ITEM_003,202301,10.2
CA_1,ITEM_003,202302,10.3
CA_1,ITEM_003,202303,10.4
CA_1,ITEM_003,202304,10.5
CA_1,ITEM_003,202305,10.6
CA_1,ITEM_003,202306,10.7
CA_1,ITEM_003,202307,10.8
CA_1,ITEM_003,202308,10.9
CA_1,ITEM_003,202309,11.0
CA_1,ITEM_003,202310,10.1
CA_1,ITEM_003,202311,10.2
TX_1,ITEM_003,202252,10.3
TX_1,ITEM_003,202301,10.2
TX_1,ITEM_003,202302,10.3
TX_1,ITEM_003,202303,10.4
TX_1,ITEM_003,202304,10.5
TX_1,ITEM_003,202305,10.6
TX_1,ITEM_003,202306,10.7
TX_1,ITEM_003,202307,10.8
TX_1,ITEM_003,202308,10.9
TX_1,ITEM_003,202309,11.0
TX_1,ITEM_003,202310,10.1
TX_1,ITEM_003,202311,10.2
WI_1,ITEM_003,202252,10.3
WI_1,ITEM_003,202301,10.2
WI_1,ITEM_003,202302,10.3
WI_1,ITEM_003,202303,10.4
WI_1,ITEM_003,202304,10.5
WI_1,ITEM_003,202305,10.6
WI_1,ITEM_003,202306,10.7
WI_1,ITEM_003,202307,10.8
WI_1,ITEM_003,202308,10.9
WI_1,ITEM_003,202309,11.0
WI_1,ITEM_003,202310,10.1
WI_1,ITEM_003,202311,10.2
CA_1,ITEM_004,202252,11.0
CA_1,ITEM_004,202301,10.9
CA_1,ITEM_004,202302,11.0
CA_1,ITEM_004,202303,11.1
CA_1,ITEM_004,202304,11.2
CA_1,ITEM_004,202305,11.3
CA_1,ITEM_004,202306,11.4
CA_1,ITEM_004,202307,11.5
CA_1,ITEM_004,202308,11.6
CA_1,ITEM_004,202309,11.7
CA_1,ITEM_004,202310,10.8
CA_1,ITEM_004,202311,10.9
TX_1,ITEM_004,202252,11.0
TX_1,ITEM_004,202301,10.9
TX_1,ITEM_004,202302,11.0
TX_1,ITEM_004,202303,11.1
TX_1,ITEM_004,202304,11.2
TX_1,ITEM_004,202305,11.3
TX_1,ITEM_004,202306,11.4
TX_1,ITEM_004,202307,11.5
TX_1,ITEM_004,202308,11.6
TX_1,ITEM_004,202309,11.7
TX_1,ITEM_004,202310,10.8
TX_1,ITEM_004,202311,10.9
WI_1,ITEM_004,202252,11.0
WI_1,ITEM_004,202301,10.9
WI_1,ITEM_004,202302,11.0
WI_1,ITEM_004,202303,11.1
WI_1,ITEM_004,202304,11.2
WI_1,ITEM_004,202305,11.3
WI_1,ITEM_004,202306,11.4
WI_1,ITEM_004,202307,11.5
WI_1,ITEM_004,202308,11.6
WI_1,ITEM_004,202309,11.7
WI_1,ITEM_004,202310,10.8
WI_1,ITEM_004,202311,10.9
CA_1,ITEM_005,202252,11.7
CA_1,ITEM_005,202301,11.6
CA_1,ITEM_005,202302,11.7
CA_1,ITEM_005,202303,11.8
CA_1,ITEM_005,202304,11.9
CA_1,ITEM_005,202305,12.0
CA_1,ITEM_005,202306,12.1
CA_1,ITEM_005,202307,12.2
CA_1,ITEM_005,202308,12.3
CA_1,ITEM_005,202309,12.4
CA_1,ITEM_005,202310,11.5
CA_1,ITEM_005,202311,11.6
TX_1,ITEM_005,202252,11.7
TX_1,ITEM_005,202301,11.6
TX_1,ITEM_005,202302,11.7
TX_1,ITEM_005,202303,11.8
TX_1,ITEM_005,202304,11.9
TX_1,ITEM_005,202305,12.0
TX_1,ITEM_005,202306,12.1
TX_1,ITEM_005,202307,12.2
TX_1,ITEM_005,202308,12.3
TX_1,ITEM_005,202309,12.4
TX_1,ITEM_005,202310,11.5
TX_1,ITEM_005,202311,11.6
WI_1,ITEM_005,202252,11.7
WI_1,ITEM_005,202301,11.6
WI_1,ITEM_005,202302,11.7
WI_1,ITEM_005,202303,11.8
WI_1,ITEM_005,202304,11.9
WI_1,ITEM_005,202305,12.0
WI_1,ITEM_005,202306,12.1
WI_1,ITEM_005,202307,12.2
WI_1,ITEM_005,202308,12.3
WI_1,ITEM_005,202309,12.4
WI_1,ITEM_005,202310,11.5
WI_1,ITEM_005,202311,11.6
CA_1,ITEM_006,202252,8.2
CA_1,ITEM_006,202301,8.1
CA_1,ITEM_006,202302,8.2
CA_1,ITEM_006,202303,8.3
CA_1,ITEM_006,202304,8.4
CA_1,ITEM_006,202305,8.5
CA_1,ITEM_006,202306,8.6
CA_1,ITEM_006,202307,8.7
CA_1,ITEM_006,202308,8.8
CA_1,ITEM_006,202309,8.9
CA_1,ITEM_006,202310,8.0
CA_1,ITEM_006,202311,8.1
TX_1,ITEM_006,202252,8.2
TX_1,ITEM_006,202301,8.1
TX_1,ITEM_006,202302,8.2
TX_1,ITEM_006,202303,8.3
TX_1,ITEM_006,202304,8.4
TX_1,ITEM_006,202305,8.5
TX_1,ITEM_006,202306,8.6
TX_1,ITEM_006,202307,8.7
TX_1,ITEM_006,202308,8.8
TX_1,ITEM_006,202309,8.9
TX_1,ITEM_006,202310,8.0
TX_1,ITEM_006,202311,8.1
WI_1,ITEM_006,202252,8.2
WI_1,ITEM_006,202301,8.1
WI_1,ITEM_006,202302,8.2
WI_1,ITEM_006,202303,8.3
WI_1,ITEM_006,202304,8.4
WI_1,ITEM_006,202305,8.5
WI_1,ITEM_006,202306,8.6
WI_1,ITEM_006,202307,8.7
WI_1,ITEM_006,202308,8.8
WI_1,ITEM_006,202309,8.9
WI_1,ITEM_006,202310,8.0
WI_1,ITEM_006,202311,8.1
CA_1,ITEM_007,202252,8.9
CA_1,ITEM_007,202301,8.8
CA_1,ITEM_007,202302,8.9
CA_1,ITEM_007,202303,9.0
CA_1,ITEM_007,202304,9.1
CA_1,ITEM_007,202305,9.2
CA_1,ITEM_007,202306,9.3
CA_1,ITEM_007,202307,9.4
CA_1,ITEM_007,202308,9.5
CA_1,ITEM_007,202309,9.6
CA_1,ITEM_007,202310,8.7
CA_1,ITEM_007,202311,8.8
TX_1,ITEM_007,202252,8.9
TX_1,ITEM_007,202301,8.8
TX_1,ITEM_007,202302,8.9
TX_1,ITEM_007,202303,9.0
TX_1,ITEM_007,202304,9.1
TX_1,ITEM_007,202305,9.2
TX_1,ITEM_007,202306,9.3
TX_1,ITEM_007,202307,9.4
TX_1,ITEM_007,202308,9.5
TX_1,ITEM_007,202309,9.6
TX_1,ITEM_007,202310,8.7
TX_1,ITEM_007,202311,8.8
WI_1,ITEM_007,202252,8.9
WI_1,ITEM_007,202301,8.8
WI_1,ITEM_007,202302,8.9
WI_1,ITEM_007,202303,9.0
WI_1,ITEM_007,202304,9.1
WI_1,ITEM_007,202305,9.2
WI_1,ITEM_007,202306,9.3
WI_1,ITEM_007,202307,9.4
WI_1,ITEM_007,202308,9.5
WI_1,ITEM_007,202309,9.6
WI_1,ITEM_007,202310,8.7
WI_1,ITEM_007,202311,8.8
CA_1,ITEM_008,202252,9.6
CA_1,ITEM_008,202301,9.5
CA_1,ITEM_008,202302,9.6
CA_1,ITEM_008,202303,9.7
CA_1,ITEM_008,202304,9.8
CA_1,ITEM_008,202305,9.9
CA_1,ITEM_008,202306,10.0
CA_1,ITEM_008,202307,10.1
CA_1,ITEM_008,202308,10.2
CA_1,ITEM_008,202309,10.3
CA_1,ITEM_008,202310,9.4
CA_1,ITEM_008,202311,9.5
TX_1,ITEM_008,202252,9.6
TX_1,ITEM_008,202301,9.5
TX_1,ITEM_008,202302,9.6
TX_1,ITEM_008,202303,9.7
TX_1,ITEM_008,202304,9.8
TX_1,ITEM_008,202305,9.9
TX_1,ITEM_008,202306,10.0
TX_1,ITEM_008,202307,10.1
TX_1,ITEM_008,202308,10.2
TX_1,ITEM_008,202309,10.3
TX_1,ITEM_008,202310,9.4
TX_1,ITEM_008,202311,9.5
WI_1,ITEM_008,202252,9.6
WI_1,ITEM_008,202301,9.5
WI_1,ITEM_008,202302,9.6
WI_1,ITEM_008,202303,9.7
WI_1,ITEM_008,202304,9.8
WI_1,ITEM_008,202305,9.9
WI_1,ITEM_008,202306,10.0
WI_1,ITEM_008,202307,10.1
WI_1,ITEM_008,202308,10.2
WI_1,ITEM_008,202309,10.3
WI_1,ITEM_008,202310,9.4
WI_1,ITEM_008,202311,9.5
CA_1,ITEM_009,202252,10.3
CA_1,ITEM_009,202301,10.2
CA_1,ITEM_009,202302,10.3
CA_1,ITEM_009,202303,10.4
CA_1,ITEM_009,202304,10.5
CA_1,ITEM_009,202305,10.6
CA_1,ITEM_009,202306,10.7
CA_1,ITEM_009,202307,10.8
CA_1,ITEM_009,202308,10.9
CA_1,ITEM_009,202309,11.0
CA_1,ITEM_009,202310,10.1
CA_1,ITEM_009,202311,10.2
TX_1,ITEM_009,202252,10.3
TX_1,ITEM_009,202301,10.2
TX_1,ITEM_009,202302,10.3
TX_1,ITEM_009,202303,10.4
TX_1,ITEM_009,202304,10.5
TX_1,ITEM_009,202305,10.6
TX_1,ITEM_009,202306,10.7
TX_1,ITEM_009,202307,10.8
TX_1,ITEM_009,202308,10.9
TX_1,ITEM_009,202309,11.0
TX_1,ITEM_009,202310,10.1
TX_1,ITEM_009,202311,10.2
WI_1,ITEM_009,202252,10.3
WI_1,ITEM_009,202301,10.2
WI_1,ITEM_009,202302,10.3
WI_1,ITEM_009,202303,10.4
WI_1,ITEM_009,202304,10.5
WI_1,ITEM_009,202305,10.6
WI_1,ITEM_009,202306,10.7
WI_1,ITEM_009,202307,10.8
WI_1,ITEM_009,202308,10.9
WI_1,ITEM_009,202309,11.0
WI_1,ITEM_009,202310,10.1
WI_1,ITEM_009,202311,10.2
CA_1,ITEM_010,202252,11.0
CA_1,ITEM_010,202301,10.9
CA_1,ITEM_010,202302,11.0
CA_1,ITEM_010,202303,11.1
CA_1,ITEM_010,202304,11.2
CA_1,ITEM_010,202305,11.3
CA_1,ITEM_010,202306,11.4
CA_1,ITEM_010,202307,11.5
CA_1,ITEM_010,202308,11.6
CA_1,ITEM_010,202309,11.7
CA_1,ITEM_010,202310,10.8
CA_1,ITEM_010,202311,10.9
TX_1,ITEM_010,202252,11.0
TX_1,ITEM_010,202301,10.9
TX_1,ITEM_010,202302,11.0
TX_1,ITEM_010,202303,11.1
TX_1,ITEM_010,202304,11.2
TX_1,ITEM_010,202305,11.3
TX_1,ITEM_010,202306,11.4
TX_1,ITEM_010,202307,11.5
TX_1,ITEM_010,202308,11.6
TX_1,ITEM_010,202309,11.7
TX_1,ITEM_010,202310,10.8
TX_1,ITEM_010,202311,10.9
WI_1,ITEM_010,202252,11.0
WI_1,ITEM_010,202301,10.9
WI_1,ITEM_010,202302,11.0
WI_1,ITEM_010,202303,11.1
WI_1,ITEM_010,202304,11.2
WI_1,ITEM_010,202305,11.3
WI_1,ITEM_010,202306,11.4
WI_1,ITEM_010,202307,11.5
WI_1,ITEM_010,202308,11.6
WI_1,ITEM_010,202309,11.7
WI_1,ITEM_010,202310,10.8
WI_1,ITEM_010,202311,10.9
CA_1,ITEM_011,202252,11.7
CA_1,ITEM_011,202301,11.6
CA_1,ITEM_011,202302,11.7
CA_1,ITEM_011,202303,11.8
CA_1,ITEM_011,202304,11.9
CA_1,ITEM_011,202305,12.0
CA_1,ITEM_011,202306,12.1
CA_1,ITEM_011,202307,12.2
CA_1,ITEM_011,202308,12.3
CA_1,ITEM_011,202309,12.4
CA_1,ITEM_011,202310,11.5
CA_1,ITEM_011,202311,11.6
TX_1,ITEM_011,202252,11.7
TX_1,ITEM_011,202301,11.6
TX_1,ITEM_011,202302,11.7
TX_1,ITEM_011,202303,11.8
TX_1,ITEM_011,202304,11.9
TX_1,ITEM_011,202305,12.0
TX_1,ITEM_011,202306,12.1
TX_1,ITEM_011,202307,12.2
TX_1,ITEM_011,202308,12.3
TX_1,ITEM_011,202309,12.4
TX_1,ITEM_011,202310,11.5
TX_1,ITEM_011,202311,11.6
WI_1,ITEM_011,202252,11.7
WI_1,ITEM_011,202301,11.6
WI_1,ITEM_011,202302,11.7
WI_1,ITEM_011,202303,11.8
WI_1,ITEM_011,202304,11.9
WI_1,ITEM_011,202305,12.0
WI_1,ITEM_011,202306,12.1
WI_1,ITEM_011,202307,12.2
WI_1,ITEM_011,202308,12.3
WI_1,ITEM_011,202309,12.4
WI_1,ITEM_011,202310,11.5
WI_1,ITEM_011,202311,11.6
CA_1,ITEM_012,202252,8.2
CA_1,ITEM_012,202301,8.1
CA_1,ITEM_012,202302,8.2
CA_1,ITEM_012,202303,8.3
CA_1,ITEM_012,202304,8.4
CA_1,ITEM_012,202305,8.5
CA_1,ITEM_012,202306,8.6
CA_1,ITEM_012,202307,8.7
CA_1,ITEM_012,202308,8.8
CA_1,ITEM_012,202309,8.9
CA_1,ITEM_012,202310,8.0
CA_1,ITEM_012,202311,8.1
TX_1,ITEM_012,202252,8.2
TX_1,ITEM_012,202301,8.1
TX_1,ITEM_012,202302,8.2
TX_1,ITEM_012,202303,8.3
TX_1,ITEM_012,202304,8.4
TX_1,ITEM_012,202305,8.5
TX_1,ITEM_012,202306,8.6
TX_1,ITEM_012,202307,8.7
TX_1,ITEM_012,202308,8.8
TX_1,ITEM_012,202309,8.9
TX_1,ITEM_012,202310,8.0
TX_1,ITEM_012,202311,8.1
WI_1,ITEM_012,202252,8.2
WI_1,ITEM_012,202301,8.1
WI_1,ITEM_012,202302,8.2
WI_1,ITEM_012,202303,8.3
WI_1,ITEM_012,202304,8.4
WI_1,ITEM_012,202305,8.5
WI_1,ITEM_012,202306,8.6
WI_1,ITEM_012,202307,8.7
WI_1,ITEM_012,202308,8.8
WI_1,ITEM_012,202309,8.9
WI_1,ITEM_012,202310,8.0
WI_1,ITEM_012,202311,8.1
CA_1,ITEM_013,202252,8.9
CA_1,ITEM_013,202301,8.8
CA_1,ITEM_013,202302,8.9
CA_1,ITEM_013,202303,9.0
CA_1,ITEM_013,202304,9.1
CA_1,ITEM_013,202305,9.2
CA_1,ITEM_013,202306,9.3
CA_1,ITEM_013,202307,9.4
CA_1,ITEM_013,202308,9.5
CA_1,ITEM_013,202309,9.6
CA_1,ITEM_013,202310,8.7
CA_1,ITEM_013,202311,8.8
TX_1,ITEM_013,202252,8.9
TX_1,ITEM_013,202301,8.8
TX_1,ITEM_013,202302,8.9
TX_1,ITEM_013,202303,9.0
TX_1,ITEM_013,202304,9.1
TX_1,ITEM_013,202305,9.2
TX_1,ITEM_013,202306,9.3
TX_1,ITEM_013,202307,9.4
TX_1,ITEM_013,202308,9.5
TX_1,ITEM_013,202309,9.6
TX_1,ITEM_013,202310,8.7
TX_1,ITEM_013,202311,8.8
WI_1,ITEM_013,202252,8.9
WI_1,ITEM_013,202301,8.8
WI_1,ITEM_013,202302,8.9
WI_1,ITEM_013,202303,9.0
WI_1,ITEM_013,202304,9.1
WI_1,ITEM_013,202305,9.2
WI_1,ITEM_013,202306,9.3
WI_1,ITEM_013,202307,9.4
WI_1,ITEM_013,202308,9.5
WI_1,ITEM_013,202309,9.6
WI_1,ITEM_013,202310,8.7
WI_1,ITEM_013,202311,8.8
CA_1,ITEM_014,202252,9.6
CA_1,ITEM_014,202301,9.5
CA_1,ITEM_014,202302,9.6
CA_1,ITEM_014,202303,9.7
CA_1,ITEM_014,202304,9.8
CA_1,ITEM_014,202305,9.9
CA_1,ITEM_014,202306,10.0
CA_1,ITEM_014,202307,10.1
CA_1,ITEM_014,202308,10.2
CA_1,ITEM_014,202309,10.3
CA_1,ITEM_014,202310,9.4
CA_1,ITEM_014,202311,9.5
TX_1,ITEM_014,202252,9.6
TX_1,ITEM_014,202301,9.5
TX_1,ITEM_014,202302,9.6
TX_1,ITEM_014,202303,9.7
TX_1,ITEM_014,202304,9.8
TX_1,ITEM_014,202305,9.9
TX_1,ITEM_014,202306,10.0
TX_1,ITEM_014,202307,10.1
TX_1,ITEM_014,202308,10.2
TX_1,ITEM_014,202309,10.3
TX_1,ITEM_014,202310,9.4
TX_1,ITEM_014,202311,9.5
WI_1,ITEM_014,202252,9.6
WI_1,ITEM_014,202301,9.5
WI_1,ITEM_014,202302,9.6
WI_1,ITEM_014,202303,9.7
WI_1,ITEM_014,202304,9.8
WI_1,ITEM_014,202305,9.9
WI_1,ITEM_014,202306,10.0
WI_1,ITEM_014,202307,10.1
WI_1,ITEM_014,202308,10.2
WI_1,ITEM_014,202309,10.3
WI_1,ITEM_014,202310,9.4
WI_1,ITEM_014,202311,9.5
CA_1,ITEM_015,202252,10.3
CA_1,ITEM_015,202301,10.2
CA_1,ITEM_015,202302,10.3
CA_1,ITEM_015,202303,10.4
CA_1,ITEM_015,202304,10.5
CA_1,ITEM_015,202305,10.6
CA_1,ITEM_015,202306,10.7
CA_1,ITEM_015,202307,10.8
CA_1,ITEM_015,202308,10.9
CA_1,ITEM_015,202309,11.0
CA_1,ITEM_015,202310,10.1
CA_1,ITEM_015,202311,10.2
TX_1,ITEM_015,202252,10.3
TX_1,ITEM_015,202301,10.2
TX_1,ITEM_015,202302,10.3
TX_1,ITEM_015,202303,10.4
TX_1,ITEM_015,202304,10.5
TX_1,ITEM_015,202305,10.6
TX_1,ITEM_015,202306,10.7
TX_1,ITEM_015,202307,10.8
TX_1,ITEM_015,202308,10.9
TX_1,ITEM_015,202309,11.0
TX_1,ITEM_015,202310,10.1
TX_1,ITEM_015,202311,10.2
WI_1,ITEM_015,202252,10.3
WI_1,ITEM_015,202301,10.2
WI_1,ITEM_015,202302,10.3
WI_1,ITEM_015,202303,10.4
WI_1,ITEM_015,202304,10.5
WI_1,ITEM_015,202305,10.6
WI_1,ITEM_015,202306,10.7
WI_1,ITEM_015,202307,10.8
WI_1,ITEM_015,202308,10.9
WI_1,ITEM_015,202309,11.0
WI_1,ITEM_015,202310,10.1
WI_1,ITEM_015,202311,10.2
CA_1,ITEM_016,202252,11.0
CA_1,ITEM_016,202301,10.9
CA_1,ITEM_016,202302,11.0
CA_1,ITEM_016,202303,11.1
CA_1,ITEM_016,202304,11.2
CA_1,ITEM_016,202305,11.3
CA_1,ITEM_016,202306,11.4
CA_1,ITEM_016,202307,11.5
CA_1,ITEM_016,202308,11.6
CA_1,ITEM_016,202309,11.7
CA_1,ITEM_016,202310,10.8
CA_1,ITEM_016,202311,10.9
TX_1,ITEM_016,202252,11.0
TX_1,ITEM_016,202301,10.9
TX_1,ITEM_016,202302,11.0
TX_1,ITEM_016,202303,11.1
TX_1,ITEM_016,202304,11.2
TX_1,ITEM_016,202305,11.3
TX_1,ITEM_016,202306,11.4
TX_1,ITEM_016,202307,11.5
TX_1,ITEM_016,202308,11.6
TX_1,ITEM_016,202309,11.7
TX_1,ITEM_016,202310,10.8
TX_1,ITEM_016,202311,10.9
WI_1,ITEM_016,202252,11.0
WI_1,ITEM_016,202301,10.9
WI_1,ITEM_016,202302,11.0
WI_1,ITEM_016,202303,11.1
WI_1,ITEM_016,202304,11.2
WI_1,ITEM_016,202305,11.3
WI_1,ITEM_016,202306,11.4
WI_1,ITEM_016,202307,11.5
WI_1,ITEM_016,202308,11.6
WI_1,ITEM_016,202309,11.7
WI_1,ITEM_016,202310,10.8
WI_1,ITEM_016,202311,10.9
CA_1,ITEM_017,202252,11.7
CA_1,ITEM_017,202301,11.6
CA_1,ITEM_017,202302,11.7
CA_1,ITEM_017,202303,11.8
CA_1,ITEM_017,202304,11.9
CA_1,ITEM_017,202305,12.0
CA_1,ITEM_017,202306,12.1
CA_1,ITEM_017,202307,12.2
CA_1,ITEM_017,202308,12.3
CA_1,ITEM_017,202309,12.4
CA_1,ITEM_017,202310,11.5
CA_1,ITEM_017,202311,11.6
TX_1,ITEM_017,202252,11.7
TX_1,ITEM_017,202301,11.6
TX_1,ITEM_017,202302,11.7
TX_1,ITEM_017,202303,11.8
TX_1,ITEM_017,202304,11.9
TX_1,ITEM_017,202305,12.0
TX_1,ITEM_017,202306,12.1
TX_1,ITEM_017,202307,12.2
TX_1,ITEM_017,202308,12.3
TX_1,ITEM_017,202309,12.4
TX_1,ITEM_017,202310,11.5
TX_1,ITEM_017,202311,11.6
WI_1,ITEM_017,202252,11.7
WI_1,ITEM_017,202301,11.6
WI_1,ITEM_017,202302,11.7
WI_1,ITEM_017,202303,11.8
WI_1,ITEM_017,202304,11.9
WI_1,ITEM_017,202305,12.0
WI_1,ITEM_017,202306,12.1
WI_1,ITEM_017,202307,12.2
WI_1,ITEM_017,202308,12.3
WI_1,ITEM_017,202309,12.4
WI_1,ITEM_017,202310,11.5
WI_1,ITEM_017,202311,11.6
CA_1,ITEM_018,202252,8.2
CA_1,ITEM_018,202301,8.1
CA_1,ITEM_018,202302,8.2
CA_1,ITEM_018,202303,8.3
CA_1,ITEM_018,202304,8.4
CA_1,ITEM_018,202305,8.5
CA_1,ITEM_018,202306,8.6
CA_1,ITEM_018,202307,8.7
CA_1,ITEM_018,202308,8.8
CA_1,ITEM_018,202309,8.9
CA_1,ITEM_018,202310,8.0
CA_1,ITEM_018,202311,8.1
TX_1,ITEM_018,202252,8.2
TX_1,ITEM_018,202301,8.1
TX_1,ITEM_018,202302,8.2
TX_1,ITEM_018,202303,8.3
TX_1,ITEM_018,202304,8.4
TX_1,ITEM_018,202305,8.5
TX_1,ITEM_018,202306,8.6
TX_1,ITEM_018,202307,8.7
TX_1,ITEM_018,202308,8.8
TX_1,ITEM_018,202309,8.9
TX_1,ITEM_018,202310,8.0
TX_1,ITEM_018,202311,8.1
WI_1,ITEM_018,202252,8.2
WI_1,ITEM_018,202301,8.1
WI_1,ITEM_018,202302,8.2
WI_1,ITEM_018,202303,8.3
WI_1,ITEM_018,202304,8.4
WI_1,ITEM_018,202305,8.5
WI_1,ITEM_018,202306,8.6
WI_1,ITEM_018,202307,8.7
WI_1,ITEM_018,202308,8.8
WI_1,ITEM_018,202309,8.9
WI_1,ITEM_018,202310,8.0
WI_1,ITEM_018,202311,8.1
CA_1,ITEM_019,202252,8.9
CA_1,ITEM_019,202301,8.8
CA_1,ITEM_019,202302,8.9
CA_1,ITEM_019,202303,9.0
CA_1,ITEM_019,202304,9.1
CA_1,ITEM_019,202305,9.2
CA_1,ITEM_019,202306,9.3
CA_1,ITEM_019,202307,9.4
CA_1,ITEM_019,202308,9.5
CA_1,ITEM_019,202309,9.6
CA_1,ITEM_019,202310,8.7
CA_1,ITEM_019,202311,8.8
TX_1,ITEM_019,202252,8.9
TX_1,ITEM_019,202301,8.8
TX_1,ITEM_019,202302,8.9
TX_1,ITEM_019,202303,9.0
TX_1,ITEM_019,202304,9.1
TX_1,ITEM_019,202305,9.2
TX_1,ITEM_019,202306,9.3
TX_1,ITEM_019,202307,9.4
TX_1,ITEM_019,202308,9.5
TX_1,ITEM_019,202309,9.6
TX_1,ITEM_019,202310,8.7
TX_1,ITEM_019,202311,8.8
WI_1,ITEM_019,202252,8.9
WI_1,ITEM_019,202301,8.8
WI_1,ITEM_019,202302,8.9
WI_1,ITEM_019,202303,9.0
WI_1,ITEM_019,202304,9.1
WI_1,ITEM_019,202305,9.2
WI_1,ITEM_019,202306,9.3
WI_1,ITEM_019,202307,9.4
WI_1,ITEM_019,202308,9.5
WI_1,ITEM_019,202309,9.6
WI_1,ITEM_019,202310,8.7
WI_1,ITEM_019,202311,8.8
CA_1,ITEM_020,202252,9.6
CA_1,ITEM_020,202301,9.5
CA_1,ITEM_020,202302,9.6
CA_1,ITEM_020,202303,9.7
CA_1,ITEM_020,202304,9.8
CA_1,ITEM_020,202305,9.9
CA_1,ITEM_020,202306,10.0
CA_1,ITEM_020,202307,10.1
CA_1,ITEM_020,202308,10.2
CA_1,ITEM_020,202309,10.3
CA_1,ITEM_020,202310,9.4
CA_1,ITEM_020,202311,9.5
TX_1,ITEM_020,202252,9.6
TX_1,ITEM_020,202301,9.5
TX_1,ITEM_020,202302,9.6
TX_1,ITEM_020,202303,9.7
TX_1,ITEM_020,202304,9.8
TX_1,ITEM_020,202305,9.9
TX_1,ITEM_020,202306,10.0
TX_1,ITEM_020,202307,10.1
TX_1,ITEM_020,202308,10.2
TX_1,ITEM_020,202309,10.3
TX_1,ITEM_020,202310,9.4
TX_1,ITEM_020,202311,9.5
WI_1,ITEM_020,202252,9.6
WI_1,ITEM_020,202301,9.5
WI_1,ITEM_020,202302,9.6
WI_1,ITEM_020,202303,9.7
WI_1,ITEM_020,202304,9.8
WI_1,ITEM_020,202305,9.9
WI_1,ITEM_020,202306,10.0
WI_1,ITEM_020,202307,10.1
WI_1,ITEM_020,202308,10.2
WI_1,ITEM_020,202309,10.3
WI_1,ITEM_020,202310,9.4
WI_1,ITEM_020,202311,9.5
CA_1,ITEM_021,202252,10.3
CA_1,ITEM_021,202301,10.2
CA_1,ITEM_021,202302,10.3
CA_1,ITEM_021,202303,10.4
CA_1,ITEM_021,202304,10.5
CA_1,ITEM_021,202305,10.6
CA_1,ITEM_021,202306,10.7
CA_1,ITEM_021,202307,10.8
CA_1,ITEM_021,202308,10.9
CA_1,ITEM_021,202309,11.0
CA_1,ITEM_021,202310,10.1
CA_1,ITEM_021,202311,10.2
TX_1,ITEM_021,202252,10.3
TX_1,ITEM_021,202301,10.2
TX_1,ITEM_021,202302,10.3
TX_1,ITEM_021,202303,10.4
TX_1,ITEM_021,202304,10.5
TX_1,ITEM_021,202305,10.6
TX_1,ITEM_021,202306,10.7
TX_1,ITEM_021,202307,10.8
TX_1,ITEM_021,202308,10.9
TX_1,ITEM_021,202309,11.0
TX_1,ITEM_021,202310,10.1
TX_1,ITEM_021,202311,10.2
WI_1,ITEM_021,202252,10.3
WI_1,ITEM_021,202301,10.2
WI_1,ITEM_021,202302,10.3
WI_1,ITEM_021,202303,10.4
WI_1,ITEM_021,202304,10.5
WI_1,ITEM_021,202305,10.6
WI_1,ITEM_021,202306,10.7
WI_1,ITEM_021,202307,10.8
WI_1,ITEM_021,202308,10.9
WI_1,ITEM_021,202309,11.0
WI_1,ITEM_021,202310,10.1
WI_1,ITEM_021,202311,10.2
CA_1,ITEM_022,202252,11.0
CA_1,ITEM_022,202301,10.9
CA_1,ITEM_022,202302,11.0
CA_1,ITEM_022,202303,11.1
CA_1,ITEM_022,202304,11.2
CA_1,ITEM_022,202305,11.3
CA_1,ITEM_022,202306,11.4
CA_1,ITEM_022,202307,11.5
CA_1,ITEM_022,202308,11.6
CA_1,ITEM_022,202309,11.7
CA_1,ITEM_022,202310,10.8
CA_1,ITEM_022,202311,10.9
TX_1,ITEM_022,202252,11.0
TX_1,ITEM_022,202301,10.9
TX_1,ITEM_022,202302,11.0
TX_1,ITEM_022,202303,11.1
TX_1,ITEM_022,202304,11.2
TX_1,ITEM_022,202305,11.3
TX_1,ITEM_022,202306,11.4
TX_1,ITEM_022,202307,11.5
TX_1,ITEM_022,202308,11.6
TX_1,ITEM_022,202309,11.7
TX_1,ITEM_022,202310,10.8
TX_1,ITEM_022,202311,10.9
WI_1,ITEM_022,202252,11.0
WI_1,ITEM_022,202301,10.9
WI_1,ITEM_022,202302,11.0
WI_1,ITEM_022,202303,11.1
WI_1,ITEM_022,202304,11.2
WI_1,ITEM_022,202305,11.3
WI_1,ITEM_022,202306,11.4
WI_1,ITEM_022,202307,11.5
WI_1,ITEM_022,202308,11.6
WI_1,ITEM_022,202309,11.7
WI_1,ITEM_022,202310,10.8
WI_1,ITEM_022,202311,10.9
CA_1,ITEM_023,202252,11.7
CA_1,ITEM_023,202301,11.6
CA_1,ITEM_023,202302,11.7
CA_1,ITEM_023,202303,11.8
CA_1,ITEM_023,202304,11.9
CA_1,ITEM_023,202305,12.0
CA_1,ITEM_023,202306,12.1
CA_1,ITEM_023,202307,12.2
CA_1,ITEM_023,202308,12.3
CA_1,ITEM_023,202309,12.4
CA_1,ITEM_023,202310,11.5
CA_1,ITEM_023,202311,11.6
TX_1,ITEM_023,202252,11.7
TX_1,ITEM_023,202301,11.6
TX_1,ITEM_023,202302,11.7
TX_1,ITEM_023,202303,11.8
TX_1,ITEM_023,202304,11.9
TX_1,ITEM_023,202305,12.0
TX_1,ITEM_023,202306,12.1
TX_1,ITEM_023,202307,12.2
TX_1,ITEM_023,202308,12.3
TX_1,ITEM_023,202309,12.4
TX_1,ITEM_023,202310,11.5
TX_1,ITEM_023,202311,11.6
WI_1,ITEM_023,202252,11.7
WI_1,ITEM_023,202301,11.6
WI_1,ITEM_023,202302,11.7
WI_1,ITEM_023,202303,11.8
WI_1,ITEM_023,202304,11.9
WI_1,ITEM_023,202305,12.0
WI_1,ITEM_023,202306,12.1
WI_1,ITEM_023,202307,12.2
WI_1,ITEM_023,202308,12.3
WI_1,ITEM_023,202309,12.4
WI_1,ITEM_023,202310,11.5
WI_1,ITEM_023,202311,11.6
CA_1,ITEM_024,202252,8.2
CA_1,ITEM_024,202301,8.1
CA_1,ITEM_024,202302,8.2
CA_1,ITEM_024,202303,8.3
CA_1,ITEM_024,202304,8.4
CA_1,ITEM_024,202305,8.5
CA_1,ITEM_024,202306,8.6
CA_1,ITEM_024,202307,8.7
CA_1,ITEM_024,202308,8.8
CA_1,ITEM_024,202309,8.9
CA_1,ITEM_024,202310,8.0
CA_1,ITEM_024,202311,8.1
TX_1,ITEM_024,202252,8.2
TX_1,ITEM_024,202301,8.1
TX_1,ITEM_024,202302,8.2
TX_1,ITEM_024,202303,8.3
TX_1,ITEM_024,202304,8.4
TX_1,ITEM_024,202305,8.5
TX_1,ITEM_024,202306,8.6
TX_1,ITEM_024,202307,8.7
TX_1,ITEM_024,202308,8.8
TX_1,ITEM_024,202309,8.9
TX_1,ITEM_024,202310,8.0
TX_1,ITEM_024,202311,8.1
WI_1,ITEM_024,202252,8.2
WI_1,ITEM_024,202301,8.1
WI_1,ITEM_024,202302,8.2
WI_1,ITEM_024,202303,8.3
WI_1,ITEM_024,202304,8.4
WI_1,ITEM_024,202305,8.5
WI_1,ITEM_024,202306,8.6
WI_1,ITEM_024,202307,8.7
WI_1,ITEM_024,202308,8.8
WI_1,ITEM_024,202309,8.9
WI_1,ITEM_024,202310,8.0
WI_1,ITEM_024,202311,8.1
