user_id,item_id,event_type,timestamp
5,24,view,1704636000000
43,3,view,1704981600000
27,30,addtocart,1705006800000
40,16,view,1704232800000
26,12,transaction,1705093200000
33,13,view,1705147200000
23,7,view,1705233600000
4,26,view,1705154400000
9,23,view,1704153600000
49,14,addtocart,1705237200000
38,6,view,1704718800000
3,17,view,1704268800000
47,23,transaction,1704603600000
17,28,view,1704553200000
40,6,view,1704967200000
24,10,view,1704362400000
48,14,addtocart,1704891600000
36,3,addtocart,1704477600000
22,25,view,1705244400000
15,8,view,1704963600000
42,6,view,1705111200000
40,24,addtocart,1704938400000
14,24,view,1704729600000
29,2,view,1704250800000
22,21,view,1705190400000
29,3,view,1705071600000
29,17,view,1705111200000
16,19,view,1704106800000
50,7,view,1705370400000
43,2,view,1704373200000
43,9,view,1704636000000
34,4,addtocart,1704798000000
50,20,view,1704614400000
41,10,view,1704283200000
6,3,addtocart,1704981600000
24,22,view,1704276000000
47,5,view,1704715200000
23,5,view,1704567600000
35,19,view,1705327200000
5,11,transaction,1704222000000
19,28,view,1704664800000
14,23,addtocart,1705338000000
14,22,view,1705032000000
14,3,transaction,1704193200000
7,14,view,1705014000000
16,25,view,1704826800000
24,26,addtocart,1704711600000
36,20,view,1704632400000
8,18,view,1704891600000
5,23,view,1704610800000
9,15,view,1704934800000
8,21,view,1704200400000
40,6,transaction,1705366800000
30,14,view,1704520800000
15,1,transaction,1704614400000
25,15,view,1705093200000
14,15,view,1704646800000
47,5,view,1704816000000
41,9,view,1704780000000
27,26,view,1704643200000
19,25,addtocart,1704780000000
8,10,view,1704794400000
34,21,view,1704387600000
33,22,addtocart,1705021200000
17,4,transaction,1705345200000
12,8,view,1704114000000
28,12,addtocart,1704668400000
41,29,transaction,1704481200000
32,9,view,1705255200000
13,30,view,1705294800000
27,2,view,1705338000000
50,5,addtocart,1705237200000
43,27,addtocart,1704218400000
26,15,addtocart,1704481200000
17,20,view,1705230000000
5,23,view,1705046400000
1,29,view,1704106800000
7,3,view,1705158000000
38,6,view,1705010400000
44,2,view,1704322800000
50,24,transaction,1704722400000
26,14,view,1704254400000
9,7,view,1704088800000
34,30,view,1704225600000
47,21,view,1704614400000
10,26,addtocart,1705122000000
5,23,view,1704636000000
7,18,view,1705284000000
49,10,view,1704733200000
34,10,view,1705320000000
49,28,view,1704848400000
28,5,view,1704898800000
37,5,view,1704074400000
49,5,transaction,1704848400000
37,25,view,1704898800000
40,26,view,1704088800000
15,25,addtocart,1704672000000
12,11,view,1704762000000
47,27,view,1704445200000
21,4,view,1704556800000
6,20,addtocart,1704427200000
23,16,view,1704391200000
50,23,addtocart,1705327200000
6,27,view,1704153600000
18,5,addtocart,1704484800000
16,28,transaction,1704254400000
30,5,view,1704823200000
8,14,view,1704218400000
36,2,view,1705158000000
3,13,view,1704841200000
41,12,view,1705359600000
26,23,addtocart,1705215600000
27,2,view,1705233600000
12,7,view,1704394800000
48,13,view,1704074400000
19,28,view,1704754800000
5,26,view,1704596400000
47,21,addtocart,1704196800000
41,28,transaction,1704488400000
41,18,view,1705089600000
31,24,view,1705150800000
27,10,addtocart,1704740400000
42,14,view,1704967200000
32,8,view,1704416400000
22,15,view,1704859200000
12,11,view,1704549600000
37,10,view,1704304800000
35,8,transaction,1704456000000
34,28,view,1705078800000
17,14,addtocart,1704769200000
25,20,addtocart,1704790800000
27,23,view,1704898800000
9,23,view,1704852000000
35,16,view,1705197600000
48,19,view,1704880800000
37,18,transaction,1704175200000
37,5,transaction,1704286800000
41,13,addtocart,1704844800000
50,24,transaction,1704182400000
13,22,view,1704841200000
27,19,view,1704236400000
29,1,view,1704816000000
34,16,addtocart,1705273200000
40,16,view,1704711600000
7,28,view,1705096800000
6,22,view,1704182400000
37,13,addtocart,1704340800000
34,22,addtocart,1704502800000
41,23,view,1705111200000
19,16,view,1704477600000
49,5,transaction,1704794400000
22,23,addtocart,1704567600000
9,17,transaction,1704538800000
40,19,view,1704693600000
33,30,addtocart,1705176000000
48,13,addtocart,1704222000000
44,20,view,1704693600000
30,1,view,1704967200000
5,14,addtocart,1704632400000
15,30,view,1704668400000
1,10,transaction,1705035600000
40,17,transaction,1704211200000
3,27,view,1705086000000
42,2,transaction,1704204000000
2,20,view,1704884400000
5,21,view,1705244400000
13,8,view,1705186800000
39,25,transaction,1704326400000
15,20,view,1704070800000
1,5,view,1704132000000
50,25,view,1704445200000
43,8,addtocart,1704139200000
49,28,addtocart,1705176000000
35,25,view,1705165200000
23,7,view,1704981600000
26,17,view,1705042800000
5,26,view,1705132800000
37,2,view,1704319200000
5,22,transaction,1705050000000
31,16,view,1704135600000
1,2,addtocart,1704668400000
36,13,view,1704294000000
39,6,transaction,1704844800000
23,17,view,1705096800000
44,18,view,1704391200000
48,17,view,1704459600000
27,21,view,1704646800000
48,5,view,1704261600000
35,13,view,1704236400000
6,30,view,1704240000000
5,10,view,1705096800000
31,13,view,1704898800000
8,13,view,1705312800000
30,19,view,1704481200000
15,13,view,1704258000000
12,3,view,1704816000000
30,22,view,1704837600000
33,19,addtocart,1704481200000
18,17,view,1704762000000
32,16,view,1704538800000
41,23,addtocart,1704232800000
47,26,view,1704726000000
14,24,view,1704747600000
42,12,view,1704715200000
3,3,addtocart,1705143600000
3,3,view,1704434400000
25,6,view,1704153600000
38,28,addtocart,1704085200000
36,26,view,1704996000000
8,8,view,1704855600000
26,11,transaction,1704164400000
50,14,view,1705078800000
39,21,addtocart,1705053600000
20,28,view,1704906000000
34,7,view,1704679200000
9,22,addtocart,1704283200000
47,30,view,1704330000000
42,25,view,1705366800000
26,14,view,1704495600000
5,26,view,1705057200000
24,15,view,1704466800000
10,8,view,1705258800000
32,7,view,1704319200000
25,30,view,1704837600000
1,3,view,1705168800000
43,26,view,1704902400000
21,21,addtocart,1704873600000
3,22,view,1704546000000
45,11,addtocart,1704499200000
25,16,addtocart,1705075200000
19,16,transaction,1704466800000
30,4,view,1705183200000
30,15,view,1704744000000
6,1,transaction,1704589200000
32,19,view,1704078000000
17,10,view,1704315600000
31,28,view,1704618000000
16,5,view,1704852000000
21,9,addtocart,1704754800000
32,22,view,1705356000000
44,15,addtocart,1704920400000
46,16,transaction,1705014000000
32,24,addtocart,1704164400000
6,16,view,1705028400000
33,17,view,1704614400000
49,4,view,1705359600000
42,23,addtocart,1704902400000
18,1,view,1704229200000
26,24,view,1705215600000
50,26,transaction,1704675600000
13,13,addtocart,1704920400000
5,7,addtocart,1704794400000
14,28,addtocart,1704380400000
2,2,view,1704556800000
19,4,view,1705068000000
36,20,addtocart,1705082400000
37,23,addtocart,1704567600000
3,28,view,1704373200000
12,26,view,1705316400000
26,8,view,1704956400000
38,13,addtocart,1704866400000
34,8,addtocart,1704376800000
27,11,addtocart,1705251600000
15,22,view,1704841200000
6,9,addtocart,1705204800000
10,21,view,1704175200000
23,22,addtocart,1704765600000
50,20,view,1704456000000
27,5,view,1704312000000
50,26,view,1704985200000
4,12,transaction,1704355200000
25,11,view,1704243600000
5,3,view,1704794400000
1,10,view,1704661200000
45,11,view,1705230000000
48,29,view,1705053600000
50,9,addtocart,1704574800000
12,17,transaction,1704492000000
16,16,addtocart,1704348000000
30,19,view,1704924000000
43,8,view,1704297600000
8,11,view,1705215600000
4,17,addtocart,1704834000000
40,20,view,1704643200000
48,30,view,1704402000000
41,21,addtocart,1705251600000
24,6,view,1704484800000
6,13,transaction,1704924000000
39,16,view,1704247200000
2,29,view,1705327200000
15,2,view,1704816000000
4,30,view,1704664800000
40,10,view,1705183200000
6,20,view,1704571200000
45,21,view,1705348800000
16,15,view,1704582000000
8,1,view,1704610800000
44,5,view,1704067200000
14,15,view,1704603600000
22,17,addtocart,1705089600000
27,8,view,1704852000000
13,28,view,1704697200000
17,7,view,1704391200000
47,15,view,1704128400000
44,22,view,1704859200000
3,10,transaction,1704247200000
5,1,view,1705140000000
2,5,view,1704211200000
24,8,view,1704369600000
30,21,view,1705183200000
15,26,view,1704668400000
9,27,addtocart,1705082400000
15,8,transaction,1704798000000
23,30,transaction,1704859200000
4,11,addtocart,1704261600000
16,17,view,1705114800000
15,7,view,1704902400000
16,25,view,1704168000000
37,11,view,1704988800000
9,20,addtocart,1705017600000
16,23,view,1704229200000
45,5,view,1704844800000
39,5,view,1704142800000
9,24,transaction,1704733200000
14,1,view,1704790800000
50,18,view,1704834000000
29,27,addtocart,1704610800000
27,5,view,1704880800000
37,2,view,1704240000000
15,11,addtocart,1704938400000
10,1,view,1704272400000
12,26,view,1705212000000
31,19,view,1704754800000
20,23,addtocart,1704956400000
39,18,addtocart,1705006800000
50,5,view,1704618000000
48,1,addtocart,1704535200000
27,13,view,1704600000000
39,27,view,1704276000000
35,15,transaction,1704261600000
14,6,view,1705273200000
43,30,view,1705266000000
18,15,addtocart,1704913200000
44,20,view,1704564000000
5,23,addtocart,1704765600000
40,29,view,1704816000000
39,28,addtocart,1705197600000
40,16,view,1704196800000
22,23,view,1704340800000
49,30,addtocart,1704560400000
47,27,view,1704888000000
16,11,view,1704866400000
20,13,view,1704823200000
47,16,view,1704679200000
17,12,view,1705075200000
7,10,view,1704279600000
3,11,transaction,1705021200000
13,6,addtocart,1704196800000
30,27,view,1704693600000
11,30,view,1704308400000
3,15,view,1704232800000
3,1,transaction,1704697200000
13,20,view,1705226400000
6,8,view,1704398400000
16,23,addtocart,1705082400000
46,4,transaction,1705359600000
18,29,view,1704603600000
7,29,view,1704466800000
22,3,addtocart,1705042800000
31,13,view,1704776400000
5,8,view,1704204000000
43,12,addtocart,1704834000000
37,9,view,1705161600000
21,4,addtocart,1705064400000
3,7,transaction,1704603600000
7,7,view,1705244400000
20,8,addtocart,1704877200000
9,20,view,1704607200000
10,8,addtocart,1704240000000
43,18,view,1705215600000
27,16,view,1704502800000
13,9,transaction,1704276000000
4,27,addtocart,1704495600000
26,9,view,1704711600000
20,17,view,1704538800000
7,11,transaction,1704229200000
5,15,transaction,1704258000000
9,12,view,1704794400000
9,8,view,1704564000000
6,5,view,1705269600000
46,19,view,1705341600000
21,16,view,1704765600000
42,30,addtocart,1705140000000
38,12,view,1704682800000
42,28,view,1704801600000
3,28,addtocart,1704513600000
33,19,addtocart,1704902400000
40,25,transaction,1704344400000
27,14,view,1705057200000
1,17,view,1705370400000
44,2,view,1705114800000
7,14,view,1704265200000
25,12,transaction,1704916800000
16,13,view,1705021200000
16,20,view,1704160800000
24,19,view,1705312800000
28,6,view,1705359600000
43,18,view,1704117600000
15,27,addtocart,1704430800000
50,14,view,1704762000000
9,10,transaction,1705003200000
19,23,view,1705035600000
45,17,addtocart,1704841200000
26,22,view,1705258800000
10,20,view,1704981600000
21,14,view,1704643200000
42,3,view,1704236400000
33,22,view,1704934800000
45,10,view,1704279600000
39,29,view,1705197600000
46,21,view,1705208400000
14,23,view,1704247200000
15,21,transaction,1705039200000
11,29,addtocart,1704776400000
39,29,view,1705046400000
13,10,view,1704888000000
36,30,view,1704643200000
35,17,view,1704096000000
36,27,view,1704542400000
23,6,addtocart,1705294800000
17,10,view,1704992400000
25,14,view,1704895200000
41,8,transaction,1705320000000
47,10,transaction,1705172400000
2,23,addtocart,1704373200000
39,4,view,1704697200000
35,8,view,1704898800000
15,10,view,1704405600000
19,13,view,1704927600000
41,9,view,1705197600000
19,1,view,1704661200000
40,5,view,1705168800000
35,24,view,1704218400000
20,14,view,1705377600000
48,5,view,1704592800000
31,27,transaction,1705291200000
32,3,view,1704837600000
40,8,addtocart,1704420000000
12,20,view,1704999600000
42,18,view,1704297600000
26,17,view,1704452400000
35,24,transaction,1704924000000
2,30,view,1704204000000
5,21,transaction,1705021200000
17,10,view,1704297600000
22,7,view,1704132000000
39,11,addtocart,1704960000000
42,28,view,1705143600000
20,10,addtocart,1705003200000
41,6,addtocart,1704711600000
14,5,addtocart,1705269600000
5,10,view,1704268800000
15,3,view,1704362400000
1,3,addtocart,1704639600000
5,2,view,1705046400000
42,11,view,1704286800000
4,26,addtocart,1704790800000
27,14,view,1705143600000
22,12,addtocart,1704837600000
13,10,view,1705053600000
27,23,view,1704470400000
19,13,view,1704355200000
33,23,view,1705064400000
5,11,view,1704297600000
3,25,view,1704985200000
50,26,view,1704247200000
9,14,view,1704308400000
44,29,addtocart,1705348800000
23,6,view,1704686400000
33,29,addtocart,1704445200000
1,17,view,1704571200000
42,12,view,1704999600000
27,2,view,1704553200000
25,19,view,1704405600000
13,23,addtocart,1704524400000
29,5,view,1704571200000
7,16,view,1704657600000
29,20,view,1704952800000
19,1,view,1704852000000
45,24,view,1704913200000
42,27,view,1705154400000
24,26,view,1705294800000
18,7,view,1704675600000
10,10,view,1704960000000
45,3,view,1704204000000
22,16,view,1704297600000
33,26,view,1704517200000
19,8,view,1704139200000
18,8,view,1704614400000
11,25,transaction,1705233600000
35,3,view,1704132000000
6,14,view,1704880800000
10,26,addtocart,1704200400000
41,21,transaction,1704758400000
23,2,view,1704146400000
17,15,view,1705312800000
46,25,view,1705118400000
49,10,view,1704722400000
15,30,view,1705122000000
20,24,view,1704834000000
33,10,view,1705356000000
6,24,view,1705204800000
29,11,view,1704643200000
22,25,transaction,1704898800000
41,28,view,1705082400000
17,9,view,1704657600000
20,14,view,1704524400000
28,12,view,1704488400000
4,12,view,1704466800000
9,16,view,1705014000000
44,7,view,1705060800000
38,16,addtocart,1704402000000
49,28,view,1704204000000
34,30,transaction,1704135600000
43,12,transaction,1705276800000
29,30,view,1704070800000
47,21,view,1704175200000
2,11,addtocart,1705042800000
12,15,view,1704661200000
1,18,view,1705100400000
45,27,view,1705183200000
29,2,view,1704420000000
22,24,view,1704348000000
27,8,transaction,1705334400000
40,26,view,1705287600000
30,29,view,1705219200000
6,4,addtocart,1704729600000
25,8,transaction,1704808800000
37,19,view,1705294800000
19,4,view,1704614400000
45,24,addtocart,1704157200000
15,22,addtocart,1704463200000
4,1,view,1704729600000
24,14,view,1704970800000
32,21,view,1705104000000
31,5,view,1704117600000
49,16,view,1704654000000
7,18,view,1704312000000
10,3,transaction,1704326400000
21,7,transaction,1705129200000
13,3,view,1705366800000
44,27,view,1704898800000
7,13,view,1704333600000
27,12,transaction,1705370400000
34,2,addtocart,1704780000000
16,16,view,1705251600000
16,29,addtocart,1705262400000
6,9,addtocart,1704142800000
47,5,view,1704157200000
46,27,view,1704812400000
40,14,view,1704290400000
49,9,view,1704474000000
26,9,transaction,1704326400000
5,21,addtocart,1705204800000
28,25,transaction,1704877200000
43,11,view,1705305600000
47,24,view,1704574800000
28,29,transaction,1705248000000
22,22,view,1704664800000
23,26,view,1704574800000
10,12,view,1705017600000
4,18,view,1705089600000
10,28,view,1704178800000
2,10,view,1704272400000
15,30,view,1704567600000
26,20,transaction,1705294800000
3,8,view,1704531600000
8,28,view,1704150000000
8,18,transaction,1704409200000
27,20,view,1704888000000
26,25,view,1704920400000
44,19,view,1705312800000
6,3,view,1704600000000
22,19,view,1705309200000
17,24,view,1704621600000
10,19,view,1704488400000
9,21,view,1705125600000
12,24,view,1705014000000
36,29,view,1705147200000
6,18,view,1704718800000
2,16,view,1704430800000
50,3,view,1704704400000
47,13,view,1705028400000
30,8,view,1704366000000
31,2,transaction,1704088800000
24,15,view,1705244400000
36,2,addtocart,1705010400000
33,23,view,1705093200000
23,20,addtocart,1705078800000
32,10,view,1704520800000
39,21,transaction,1704992400000
19,18,addtocart,1704625200000
19,16,addtocart,1704708000000
23,16,addtocart,1704348000000
18,4,view,1704556800000
32,4,addtocart,1705046400000
37,9,view,1704196800000
48,25,view,1704268800000
20,9,view,1704315600000
45,22,addtocart,1705064400000
42,6,view,1705100400000
24,25,view,1704258000000
13,10,view,1704996000000
28,25,view,1704992400000
22,15,addtocart,1704830400000
38,4,view,1705136400000
22,25,view,1704510000000
19,6,view,1704297600000
18,12,view,1705262400000
38,6,view,1704477600000
19,4,view,1704985200000
16,26,view,1704549600000
27,23,transaction,1704546000000
25,19,addtocart,1704909600000
32,30,view,1704643200000
45,25,addtocart,1705258800000
18,14,view,1704999600000
1,18,view,1704693600000
25,13,view,1705068000000
28,20,view,1705165200000
36,7,addtocart,1704157200000
43,24,addtocart,1705374000000
6,27,view,1704232800000
21,23,view,1704416400000
32,29,view,1705374000000
28,19,view,1704456000000
12,6,view,1704891600000
48,23,addtocart,1704596400000
1,21,view,1705039200000
9,7,view,1705132800000
47,28,view,1704459600000
34,30,view,1705136400000
49,9,transaction,1704805200000
14,1,view,1704628800000
35,8,addtocart,1704866400000
39,18,addtocart,1704564000000
43,7,view,1704816000000
29,11,view,1705370400000
11,7,view,1705024800000
41,24,view,1704182400000
17,23,view,1704376800000
10,6,view,1704322800000
22,15,addtocart,1704758400000
33,23,transaction,1704970800000
9,13,view,1704384000000
47,3,addtocart,1704387600000
5,23,view,1704610800000
24,4,view,1704330000000
21,14,view,1704319200000
40,7,addtocart,1705258800000
32,8,view,1704222000000
13,9,transaction,1704243600000
26,13,view,1704596400000
43,19,view,1704589200000
5,5,view,1704636000000
40,5,transaction,1704340800000
31,26,addtocart,1704160800000
12,16,addtocart,1704132000000
28,10,view,1704772800000
38,19,addtocart,1704232800000
8,29,addtocart,1705345200000
23,2,view,1705215600000
50,23,addtocart,1704276000000
38,19,view,1704445200000
50,8,view,1704949200000
26,16,view,1704830400000
42,24,transaction,1705114800000
13,24,view,1705032000000
13,16,view,1704506400000
40,14,addtocart,1705327200000
41,28,transaction,1704582000000
18,11,view,1704902400000
4,30,view,1704852000000
21,19,view,1705215600000
26,24,view,1704866400000
49,15,view,1705226400000
13,24,view,1704373200000
31,9,addtocart,1704931200000
48,1,view,1705273200000
36,10,view,1704805200000
24,2,view,1705140000000
44,23,view,1704106800000
21,29,view,1704538800000
38,17,addtocart,1704405600000
12,23,addtocart,1704456000000
11,17,addtocart,1704762000000
40,8,view,1704600000000
2,11,addtocart,1705323600000
6,20,addtocart,1705284000000
27,4,view,1704690000000
4,20,view,1704088800000
45,26,view,1705132800000
49,18,view,1704412800000
49,6,transaction,1705251600000
42,10,view,1704448800000
11,4,view,1704182400000
20,3,transaction,1704182400000
4,1,addtocart,1704240000000
37,18,addtocart,1704114000000
32,13,view,1705222800000
22,16,addtocart,1704610800000
23,22,view,1704520800000
4,6,addtocart,1705093200000
14,13,view,1704268800000
40,26,view,1705316400000
35,20,view,1705190400000
45,23,view,1705053600000
11,14,transaction,1704970800000
6,9,view,1704391200000
15,11,view,1704794400000
23,19,view,1705280400000
7,10,view,1704978000000
28,21,view,1705053600000
23,2,view,1704603600000
50,7,view,1705158000000
38,24,addtocart,1704376800000
24,17,addtocart,1705327200000
24,17,view,1704722400000
37,28,view,1705327200000
27,20,addtocart,1704855600000
7,3,view,1704945600000
25,16,view,1705276800000
28,15,transaction,1704740400000
23,18,view,1704304800000
8,3,view,1704913200000
22,11,addtocart,1705075200000
36,1,view,1705348800000
8,4,view,1705302000000
21,19,view,1704585600000
33,10,addtocart,1704607200000
8,7,transaction,1705305600000
26,5,addtocart,1705057200000
18,30,view,1705017600000
15,11,view,1704394800000
32,18,transaction,1704078000000
50,4,view,1704758400000
37,26,transaction,1704488400000
11,12,addtocart,1704758400000
12,10,view,1704384000000
50,14,transaction,1705359600000
30,24,view,1704114000000
17,20,view,1704783600000
9,16,view,1704607200000
21,21,view,1705050000000
22,10,view,1704628800000
10,16,view,1705183200000
3,7,addtocart,1705359600000
28,6,view,1704092400000
6,6,view,1705237200000
14,21,view,1704150000000
47,18,view,1704096000000
43,4,view,1704268800000
12,14,view,1704567600000
4,14,addtocart,1705122000000
7,1,view,1704844800000
46,11,view,1704787200000
45,7,view,1704250800000
37,6,transaction,1704852000000
44,15,view,1705276800000
24,24,view,1704538800000
37,2,view,1704697200000
36,11,view,1704088800000
28,20,view,1704895200000
39,16,addtocart,1705129200000
3,4,view,1704880800000
31,21,view,1704387600000
44,7,view,1704279600000
21,3,addtocart,1704297600000
29,28,view,1704866400000
47,16,transaction,1704088800000
26,29,view,1705212000000
39,22,transaction,1705341600000
12,30,view,1705104000000
4,3,view,1705183200000
47,19,view,1704902400000
29,16,addtocart,1704268800000
36,3,addtocart,1704304800000
43,16,view,1704686400000
28,10,transaction,1704236400000
37,1,view,1704549600000
19,7,view,1704844800000
48,16,view,1705028400000
48,26,view,1704326400000
43,24,view,1704384000000
24,28,view,1704189600000
35,20,view,1705363200000
23,3,view,1705194000000
17,10,view,1704160800000
38,23,view,1704736800000
17,1,view,1705176000000
16,26,view,1705118400000
48,8,view,1704920400000
18,27,view,1704438000000
8,9,view,1704265200000
7,2,view,1704661200000
7,7,view,1704643200000
28,16,view,1704625200000
2,21,view,1704873600000
17,20,view,1704607200000
1,14,view,1704391200000
17,12,addtocart,1704074400000
19,26,view,1704762000000
8,1,view,1705060800000
18,26,view,1704618000000
5,24,transaction,1704492000000
2,30,addtocart,1704855600000
46,9,addtocart,1704726000000
32,9,transaction,1705287600000
37,2,view,1705327200000
28,17,view,1704258000000
5,30,view,1704168000000
23,4,view,1705172400000
1,15,transaction,1704448800000
24,1,view,1704236400000
37,29,view,1705100400000
26,2,view,1704186000000
1,28,view,1705363200000
49,30,view,1704405600000
37,26,view,1704236400000
14,13,view,1705190400000
17,16,transaction,1704362400000
10,22,view,1704463200000
21,12,view,1705003200000
35,14,view,1704304800000
19,8,view,1704592800000
18,10,view,1705006800000
33,11,addtocart,1704139200000
29,8,transaction,1704348000000
22,11,view,1704808800000
25,17,view,1704229200000
34,23,view,1704456000000
41,28,view,1705294800000
8,22,addtocart,1704967200000
50,15,view,1704513600000
6,16,view,1705093200000
9,14,view,1704870000000
4,28,view,1704405600000
2,29,view,1704207600000
17,9,view,1704528000000
14,9,view,1704319200000
21,12,view,1704513600000
17,10,view,1704182400000
12,7,addtocart,1704852000000
50,11,view,1705284000000
40,16,view,1704110400000
39,3,addtocart,1705071600000
24,27,view,1704225600000
39,22,view,1705125600000
4,28,view,1705284000000
50,14,view,1705078800000
14,20,view,1704945600000
39,23,view,1705114800000
26,26,view,1705053600000
14,30,view,1704610800000
33,14,view,1705341600000
20,26,addtocart,1704625200000
10,9,addtocart,1705269600000
22,23,view,1704495600000
3,13,view,1704556800000
26,2,view,1704265200000
31,17,view,1704700800000
42,29,transaction,1704402000000
1,24,transaction,1704826800000
42,5,view,1704250800000
28,6,addtocart,1704463200000
30,10,transaction,1704412800000
48,4,view,1704567600000
37,8,view,1704142800000
10,25,view,1704733200000
26,9,view,1704405600000
19,4,transaction,1704409200000
45,8,view,1704308400000
7,18,addtocart,1704711600000
23,15,view,1704272400000
37,30,view,1704477600000
44,8,transaction,1704700800000
47,3,view,1704834000000
47,20,view,1705309200000
17,11,view,1705035600000
21,10,addtocart,1704315600000
43,8,addtocart,1704870000000
4,18,view,1704117600000
6,11,view,1704650400000
5,24,addtocart,1705312800000
21,27,view,1705183200000
17,29,view,1704549600000
24,9,view,1704682800000
19,17,view,1704398400000
10,6,view,1704470400000
32,10,view,1704574800000
