item_id,property,value
1,category_id,1
1,brand,brand_2
1,color,blue
2,category_id,2
2,brand,brand_3
2,color,green
3,category_id,3
3,brand,brand_4
3,color,black
4,category_id,1
4,brand,brand_5
4,color,red
5,category_id,2
5,brand,brand_6
5,color,blue
6,category_id,3
6,brand,brand_7
6,color,green
7,category_id,1
7,brand,brand_1
7,color,black
8,category_id,2
8,brand,brand_2
8,color,red
9,category_id,3
9,brand,brand_3
9,color,blue
10,category_id,1
10,brand,brand_4
10,color,green
11,category_id,2
11,brand,brand_5
11,color,black
12,category_id,3
12,brand,brand_6
12,color,red
13,category_id,1
13,brand,brand_7
13,color,blue
14,category_id,2
14,brand,brand_1
14,color,green
15,category_id,3
15,brand,brand_2
15,color,black
